<?xml version="1.0" encoding="utf-8"?>
<!-- Copyright 2012 - Now Savoir-faire Linux <https://www.savoirfairelinux.com/>
     License AGPL-3.0 or later (http://www.gnu.org/licenses/agpl). -->
<odoo noupdate="1">
    <record forcecreate="True" id="ir_cron_kpi_action" model="ir.cron">
        <field name="name">Update KPI values</field>
        <field name="user_id" ref="base.user_root"/>
        <field name="interval_number">1</field>
        <field name="interval_type">hours</field>
        <field name="numbercall">-1</field>
        <field name="doall" eval="False"/>
        <field name="model_id" ref="model_kpi"/>
        <field name="state">code</field>
        <field name="code">model.update_kpi_value()</field>
    </record>
</odoo>
